Tree,Node,Feature,Threshold,Left_Child,Right_Child,Prediction
0d,00,00,01518000,01,02,FF
0d,01,01,0000052f,03,04,FF
0d,02,01,0000052f,05,06,FF
0d,03,00,00d38000,07,08,FF
0d,04,FF,FF,FF,FF,01
0d,05,00,01568000,1b,1c,FF
0d,06,FF,FF,FF,FF,01
0d,07,01,00000514,09,0a,FF
0d,08,10,000273f7,0f,10,FF
0d,09,01,0000029f,0b,0c,FF
0d,0a,FF,FF,FF,FF,01
0d,0b,01,00000285,0d,0e,FF
0d,0c,FF,FF,FF,FF,01
0d,0d,FF,FF,FF,FF,01
0d,0e,FF,FF,FF,FF,01
0d,0f,00,013f8000,25,26,FF
0d,10,01,00000285,11,12,FF
0d,11,FF,FF,FF,FF,01
0d,12,01,00000292,13,14,FF
0d,13,01,0000028c,15,16,FF
0d,14,01,00000514,17,18,FF
0d,15,FF,FF,FF,FF,01
0d,16,00,01408000,23,24,FF
0d,17,FF,FF,FF,FF,01
0d,18,01,00000521,19,1a,FF
0d,19,FF,FF,FF,FF,01
0d,1a,FF,FF,FF,FF,01
0d,1b,10,00011ae1,1f,20,FF
0d,1c,01,00000514,1d,1e,FF
0d,1d,FF,FF,FF,FF,01
0d,1e,10,00018645,33,34,FF
0d,1f,FF,FF,FF,FF,00
0d,20,01,00000514,21,22,FF
0d,21,FF,FF,FF,FF,01
0d,22,00,01540000,2d,2e,FF
0d,23,FF,FF,FF,FF,01
0d,24,FF,FF,FF,FF,00
0d,25,FF,FF,FF,FF,01
0d,26,10,00025d2f,27,28,FF
0d,27,FF,FF,FF,FF,01
0d,28,00,01428000,29,2a,FF
0d,29,01,0000027e,2b,2c,FF
0d,2a,FF,FF,FF,FF,01
0d,2b,FF,FF,FF,FF,01
0d,2c,FF,FF,FF,FF,01
0d,2d,01,00000521,2f,30,FF
0d,2e,01,00000521,31,32,FF
0d,2f,FF,FF,FF,FF,00
0d,30,FF,FF,FF,FF,01
0d,31,FF,FF,FF,FF,01
0d,32,FF,FF,FF,FF,01
0d,33,00,01f20000,35,36,FF
0d,34,FF,FF,FF,FF,01
0d,35,01,00000528,37,38,FF
0d,36,01,00000521,39,3a,FF
0d,37,FF,FF,FF,FF,01
0d,38,FF,FF,FF,FF,01
0d,39,FF,FF,FF,FF,00
0d,3a,FF,FF,FF,FF,01
